{
  "mean": [
    11.700088500976562,
    12.945211410522461,
    14.063506126403809,
    13.96428108215332,
    16.101762771606445,
    16.3382511138916,
    16.537246704101562,
    17.28401756286621,
    17.19609832763672,
    17.31174659729004,
    17.022632598876953,
    16.807762145996094,
    16.812774658203125,
    16.9476261138916,
    16.96685791015625,
    16.884319305419922,
    16.684762954711914,
    16.4124755859375,
    16.094812393188477,
    15.779345512390137,
    15.48681354522705,
    15.23534870147705,
    15.032694816589355,
    14.87051010131836,
    14.708208084106445,
    14.566070556640625,
    14.542459487915039,
    14.213723182678223,
    14.101729393005371,
    14.223777770996094,
    13.85136890411377,
    13.998464584350586,
    13.783522605895996,
    13.826208114624023,
    13.632600784301758,
    13.634200096130371,
    13.537495613098145,
    13.492027282714844,
    13.459282875061035,
    13.38332462310791,
    13.3046875,
    13.23216724395752,
    13.177023887634277,
    13.122849464416504,
    13.058806419372559,
    13.000655174255371,
    13.052824020385742,
    12.97849178314209,
    13.053192138671875,
    12.946784019470215,
    12.922589302062988,
    12.772971153259277,
    12.662646293640137,
    12.580684661865234,
    12.519814491271973,
    12.465804100036621,
    12.42832088470459,
    12.416461944580078,
    12.37650203704834,
    12.327764511108398,
    12.149949073791504,
    11.974251747131348,
    11.840085983276367,
    11.754385948181152,
    11.626599311828613,
    11.479292869567871,
    11.255128860473633,
    10.99977970123291,
    10.870185852050781,
    10.766480445861816,
    10.642159461975098,
    10.572587013244629,
    10.477548599243164,
    10.294676780700684,
    10.147891998291016,
    9.865625381469727,
    9.17086124420166,
    8.230738639831543,
    6.473461151123047,
    3.740495443344116
  ],
  "invstddev": [
    0.1952502727508545,
    0.19127917289733887,
    0.17508146166801453,
    0.17533497512340546,
    0.15890969336032867,
    0.15630604326725006,
    0.15441402792930603,
    0.15037043392658234,
    0.14889797568321228,
    0.14865808188915253,
    0.149645134806633,
    0.1524409055709839,
    0.15205498039722443,
    0.1505609005689621,
    0.14919234812259674,
    0.1487223356962204,
    0.14971870183944702,
    0.15165089070796967,
    0.15472076833248138,
    0.15835173428058624,
    0.16166409850120544,
    0.16485245525836945,
    0.16775189340114594,
    0.1701415479183197,
    0.1719275861978531,
    0.17368298768997192,
    0.17493735253810883,
    0.17675748467445374,
    0.17754854261875153,
    0.17796042561531067,
    0.1796390414237976,
    0.17975889146327972,
    0.18075191974639893,
    0.18150117993354797,
    0.18300312757492065,
    0.18394137918949127,
    0.18493078649044037,
    0.18591028451919556,
    0.18656156957149506,
    0.18711881339550018,
    0.1875823438167572,
    0.18833836913108826,
    0.18898451328277588,
    0.18936382234096527,
    0.18950119614601135,
    0.18913742899894714,
    0.18818742036819458,
    0.18737003207206726,
    0.1867707371711731,
    0.18703269958496094,
    0.1877785325050354,
    0.1894005686044693,
    0.19091473519802094,
    0.19236405193805695,
    0.19316716492176056,
    0.1929732859134674,
    0.19237573444843292,
    0.19174857437610626,
    0.1912003457546234,
    0.19158945977687836,
    0.1917983442544937,
    0.19150204956531525,
    0.19212301075458527,
    0.1929989606142044,
    0.1936521977186203,
    0.1952729970216751,
    0.19518253207206726,
    0.19369018077850342,
    0.19595259428024292,
    0.19560183584690094,
    0.19430525600910187,
    0.1930697113275528,
    0.19098059833049774,
    0.1887909471988678,
    0.18721787631511688,
    0.1863812357187271,
    0.1784738153219223,
    0.17911824584007263,
    0.18211545050144196,
    0.21644701063632965
  ]
}